﻿<layouts>
  <layout name="Debug" width="1553" height="873" size="1553" prefSize="1553" defaultHorSize="-1" defaultVerSize="-1" type="Horizontal">
    <group size="300" prefSize="300" defaultHorSize="300" defaultVerSize="250" type="Tabbed" currentTabPage="0">
      <item size="0" prefSize="0" defaultHorSize="300" defaultVerSize="250" id="MonoDevelop.Ide.Gui.Pads.HelpTree" visible="False" status="Dockable" />
      <item size="0" prefSize="0" defaultHorSize="300" defaultVerSize="250" id="ClassPad" visible="False" status="AutoHide" autoHidePosition="Left" autoHideSize="200" />
      <item size="0" prefSize="0" defaultHorSize="300" defaultVerSize="250" id="ProjectPad" visible="True" status="Dockable" />
      <item size="300" prefSize="300" defaultHorSize="300" defaultVerSize="250" id="__left" visible="False" status="Dockable" />
    </group>
    <group size="1252" prefSize="1252" defaultHorSize="300" defaultVerSize="250" type="Vertical">
      <item size="250" prefSize="250" defaultHorSize="300" defaultVerSize="250" id="__top" visible="False" status="Dockable" />
      <item size="622" prefSize="622" defaultHorSize="300" defaultVerSize="250" id="Documents" visible="True" status="Dockable" />
      <group size="250" prefSize="250" defaultHorSize="300" defaultVerSize="250" type="Horizontal">
        <group size="544" prefSize="544" defaultHorSize="300" defaultVerSize="250" type="Tabbed" currentTabPage="0">
          <item size="0" prefSize="0" defaultHorSize="300" defaultVerSize="250" id="MonoDevelop.UnitTesting.TestResultsPad" visible="False" status="AutoHide" autoHidePosition="Bottom" autoHideSize="200" />
          <item size="0" prefSize="0" defaultHorSize="300" defaultVerSize="250" id="Xamarin.Ide.DeviceLogging.DeviceLogPad" visible="False" status="AutoHide" autoHidePosition="Bottom" autoHideSize="200" />
          <item size="0" prefSize="0" defaultHorSize="300" defaultVerSize="250" id="MonoDevelop.FSharp.FSharpInteractivePad" visible="False" status="Dockable" />
          <item size="0" prefSize="0" defaultHorSize="300" defaultVerSize="250" id="OutputPad-PackageConsole-0" visible="False" status="AutoHide" autoHidePosition="Bottom" autoHideSize="200" />
          <item size="0" prefSize="0" defaultHorSize="300" defaultVerSize="250" id="OutputPad-MonoDevelop.Ide.ApplicationOutput-0" visible="False" status="AutoHide" autoHidePosition="Bottom" autoHideSize="200" />
          <item size="0" prefSize="0" defaultHorSize="300" defaultVerSize="250" id="MonoDevelop.Ide.Gui.Pads.ErrorListPad" visible="True" status="AutoHide" autoHidePosition="Bottom" autoHideSize="200" />
          <item size="0" prefSize="0" defaultHorSize="300" defaultVerSize="250" id="MonoDevelop.Ide.Gui.Pads.TaskListPad" visible="True" status="AutoHide" autoHidePosition="Bottom" autoHideSize="200" />
          <item size="0" prefSize="0" defaultHorSize="300" defaultVerSize="250" id="MonoDevelop.Debugger.BreakpointPad" visible="True" status="Dockable" />
          <item size="0" prefSize="0" defaultHorSize="300" defaultVerSize="250" id="MonoDevelop.Debugger.LocalsPad" visible="True" status="Dockable" />
          <item size="0" prefSize="0" defaultHorSize="300" defaultVerSize="250" id="MonoDevelop.Debugger.WatchPad" visible="True" status="Dockable" />
          <item size="0" prefSize="0" defaultHorSize="300" defaultVerSize="250" id="MonoDevelop.Debugger.ThreadsPad" visible="True" status="Dockable" />
          <item size="250" prefSize="250" defaultHorSize="300" defaultVerSize="250" id="__bottom" visible="False" status="Dockable" />
        </group>
        <item size="352" prefSize="352" defaultHorSize="300" defaultVerSize="250" id="MonoDevelop.Debugger.StackTracePad" visible="True" status="Dockable" />
        <item size="354" prefSize="354" defaultHorSize="300" defaultVerSize="250" id="MonoDevelop.Debugger.ImmediatePad" visible="True" status="Dockable" />
      </group>
    </group>
    <group size="300" prefSize="300" defaultHorSize="300" defaultVerSize="250" type="Vertical">
      <group size="300" prefSize="300" defaultHorSize="-1" defaultVerSize="-1" type="Tabbed" currentTabPage="0">
        <item size="0" prefSize="0" defaultHorSize="300" defaultVerSize="250" id="MonoDevelop.DesignerSupport.ToolboxPad" visible="True" status="AutoHide" autoHidePosition="Right" autoHideSize="200" />
        <item size="0" prefSize="0" defaultHorSize="300" defaultVerSize="250" id="MonoDevelop.UnitTesting.TestPad" visible="True" status="AutoHide" autoHidePosition="Right" autoHideSize="200" />
        <item size="300" prefSize="300" defaultHorSize="300" defaultVerSize="250" id="__right" visible="False" status="Dockable" />
      </group>
      <group size="0" prefSize="0" defaultHorSize="-1" defaultVerSize="-1" type="Tabbed" currentTabPage="0">
        <item size="0" prefSize="0" defaultHorSize="-1" defaultVerSize="-1" id="MonoDevelop.DesignerSupport.PropertyPad" visible="True" status="AutoHide" autoHidePosition="Right" autoHideSize="200" />
        <item size="0" prefSize="0" defaultHorSize="300" defaultVerSize="250" id="MonoDevelop.DesignerSupport.DocumentOutlinePad" visible="True" status="AutoHide" autoHidePosition="Right" autoHideSize="200" />
      </group>
    </group>
  </layout>
  <layout name="Solution" width="1893" height="1015" size="1893" prefSize="1893" defaultHorSize="-1" defaultVerSize="-1" type="Horizontal">
    <group size="300" prefSize="300" defaultHorSize="300" defaultVerSize="250" type="Tabbed" currentTabPage="0">
      <item size="0" prefSize="0" defaultHorSize="300" defaultVerSize="250" id="MonoDevelop.Ide.Gui.Pads.HelpTree" visible="False" status="Dockable" />
      <item size="0" prefSize="0" defaultHorSize="300" defaultVerSize="250" id="ClassPad" visible="False" status="AutoHide" autoHidePosition="Left" autoHideSize="200" />
      <item size="-1" prefSize="-1" defaultHorSize="300" defaultVerSize="250" id="ProjectPad" visible="True" status="Dockable" />
      <item size="300" prefSize="300" defaultHorSize="300" defaultVerSize="250" id="__left" visible="False" status="Dockable" />
    </group>
    <group size="1592" prefSize="1592" defaultHorSize="300" defaultVerSize="250" type="Vertical">
      <item size="250" prefSize="250" defaultHorSize="300" defaultVerSize="250" id="__top" visible="False" status="Dockable" />
      <item size="1015" prefSize="1015" defaultHorSize="300" defaultVerSize="250" id="Documents" visible="True" status="Dockable" />
      <group size="250" prefSize="250" defaultHorSize="300" defaultVerSize="250" type="Horizontal">
        <group size="250" prefSize="250" defaultHorSize="-1" defaultVerSize="-1" type="Tabbed" currentTabPage="0">
          <item size="0" prefSize="0" defaultHorSize="300" defaultVerSize="250" id="MonoDevelop.Debugger.BreakpointPad" visible="False" status="Dockable" />
          <item size="0" prefSize="0" defaultHorSize="300" defaultVerSize="250" id="MonoDevelop.Debugger.LocalsPad" visible="False" status="Dockable" />
          <item size="0" prefSize="0" defaultHorSize="300" defaultVerSize="250" id="MonoDevelop.Debugger.WatchPad" visible="False" status="Dockable" />
          <item size="0" prefSize="0" defaultHorSize="300" defaultVerSize="250" id="MonoDevelop.Debugger.ImmediatePad" visible="False" status="Dockable" />
          <item size="0" prefSize="0" defaultHorSize="300" defaultVerSize="250" id="MonoDevelop.Debugger.ThreadsPad" visible="False" status="Dockable" />
          <item size="0" prefSize="0" defaultHorSize="300" defaultVerSize="250" id="MonoDevelop.UnitTesting.TestResultsPad" visible="False" status="AutoHide" autoHidePosition="Bottom" autoHideSize="200" />
          <item size="0" prefSize="0" defaultHorSize="300" defaultVerSize="250" id="Xamarin.Ide.DeviceLogging.DeviceLogPad" visible="False" status="AutoHide" autoHidePosition="Bottom" autoHideSize="200" />
          <item size="0" prefSize="0" defaultHorSize="300" defaultVerSize="250" id="MonoDevelop.FSharp.FSharpInteractivePad" visible="False" status="Dockable" />
          <item size="0" prefSize="0" defaultHorSize="300" defaultVerSize="250" id="MonoDevelop.Ide.Gui.Pads.ErrorListPad" visible="True" status="AutoHide" autoHidePosition="Bottom" autoHideSize="200" />
          <item size="0" prefSize="0" defaultHorSize="300" defaultVerSize="250" id="MonoDevelop.Ide.Gui.Pads.TaskListPad" visible="True" status="AutoHide" autoHidePosition="Bottom" autoHideSize="200" />
          <item size="0" prefSize="0" defaultHorSize="300" defaultVerSize="250" id="OutputPad-PackageConsole-0" visible="True" status="AutoHide" autoHidePosition="Bottom" autoHideSize="200" />
          <item size="0" prefSize="0" defaultHorSize="300" defaultVerSize="250" id="OutputPad-MonoDevelop.Ide.ApplicationOutput-0" visible="False" status="AutoHide" autoHidePosition="Bottom" autoHideSize="200" />
          <item size="250" prefSize="250" defaultHorSize="300" defaultVerSize="250" id="__bottom" visible="False" status="Dockable" />
        </group>
        <item size="0" prefSize="0" defaultHorSize="-1" defaultVerSize="-1" id="MonoDevelop.Debugger.StackTracePad" visible="False" status="Dockable" />
      </group>
    </group>
    <group size="300" prefSize="300" defaultHorSize="300" defaultVerSize="250" type="Tabbed" currentTabPage="0">
      <item size="0" prefSize="0" defaultHorSize="300" defaultVerSize="250" id="MonoDevelop.DesignerSupport.ToolboxPad" visible="True" status="AutoHide" autoHidePosition="Right" autoHideSize="200" />
      <item size="0" prefSize="0" defaultHorSize="300" defaultVerSize="250" id="MonoDevelop.DesignerSupport.PropertyPad" visible="True" status="AutoHide" autoHidePosition="Right" autoHideSize="200" />
      <item size="0" prefSize="0" defaultHorSize="300" defaultVerSize="250" id="MonoDevelop.DesignerSupport.DocumentOutlinePad" visible="True" status="AutoHide" autoHidePosition="Right" autoHideSize="200" />
      <item size="0" prefSize="0" defaultHorSize="300" defaultVerSize="250" id="MonoDevelop.UnitTesting.TestPad" visible="True" status="AutoHide" autoHidePosition="Right" autoHideSize="200" />
      <item size="300" prefSize="300" defaultHorSize="300" defaultVerSize="250" id="__right" visible="False" status="Dockable" />
    </group>
  </layout>
</layouts>