﻿<MonoDevelopProperties version="2.0">
  <Property key="/MonoDevelop/Ide/GlobalOptionsDialog-lastPanel" value="KeyBindings" />
  <Property key="Author.Email" value="luka.ramishvili@gmail.com" />
  <Property key="Dialogs.NewProjectDialog.LastSelectedCategoryPath" value="netcore/app" />
  <Property key="Dialogs.NewProjectDialog.LastSelectedTemplate" value="Microsoft.Web.WebApi.CSharp" />
  <Property key="Dialogs.NewProjectDialog.UseGit" value="True" />
  <Property key="DotNetCore.DismissedSurveysList" />
  <Property key="FavoriteRecentFiles" />
  <Property key="MonoDevelop.Core.FirstRun" value="False" />
  <Property key="MonoDevelop.Core.LastRunVersion" value="8.0.0.2624" />
  <Property key="MonoDevelop.FindReplaceDialogs.FindHistory" value="public&#xA;pu&#xA;publ&#xA;public&#xA;public&#xA;a&#xA;asd&#xA;publi" />
  <Property key="MonoDevelop.FindReplaceDialogs.ReplaceHistory" value="" />
  <Property key="MonoDevelop.Ide.AddinUpdater.CheckForUpdates" value="False" />
  <Property key="MonoDevelop.Ide.AddinUpdater.LastCheck" value="03/18/2019 12:22:04" />
  <Property key="MonoDevelop.Ide.AddinUpdater.UpdateChannel" value="Stable" />
  <Property key="MonoDevelop.Ide.StartupBehaviour" value="LoadPreviousSolution" />
  <Property key="MonoDevelop.Ide.UserInterfaceTheme" value="Dark" />
  <Property key="MonoDevelop.Unity.Configuration.Settings.PersistentDebugTargets">
    <ArrayOfPersistentDebugTarget xmlns:xsd="http://www.w3.org/2001/XMLSchema" xmlns:xsi="http://www.w3.org/2001/XMLSchema-instance" />
  </Property>
  <Property key="MonoDevelop.Unity.Surveys.DismissedSurveysList" />
  <Property key="Monodevelop.TaskList.ActiveView" value="MonoDevelop.Ide.Tasks.CommentTasksView" />
  <Property key="SharpDevelop.Workbench.WorkbenchMemento">
    <Property key="bounds" value="35, 42, 1580, 900" />
    <Property key="windowState" value="0" />
  </Property>
</MonoDevelopProperties>