<?xml version="1.0" encoding="utf-8"?>
<RecentFiles>
  <RecentItem>
    <URI>file:///projects/meomari-api/meomari-api/Controllers/ValuesController.cs</URI>
    <Mime-Type>text/x-csharp</Mime-Type>
    <Timestamp>1552991365</Timestamp>
    <Private>ValuesController.cs [meomari-api]</Private>
    <Groups>
      <Group>MonoDevelop Files</Group>
    </Groups>
  </RecentItem>
  <RecentItem>
    <URI>file:///projects/meomari-api/meomari-api/Models/Player.cs</URI>
    <Mime-Type>text/x-csharp</Mime-Type>
    <Timestamp>1552985694</Timestamp>
    <Private>Player.cs [meomari-api]</Private>
    <Groups>
      <Group>MonoDevelop Files</Group>
    </Groups>
  </RecentItem>
  <RecentItem>
    <URI>file:///projects/meomari-api/meomari-api.sln</URI>
    <Mime-Type>application/x-sln</Mime-Type>
    <Timestamp>1552974417</Timestamp>
    <Private>meomari-api</Private>
    <Groups>
      <Group>MonoDevelop Projects</Group>
    </Groups>
  </RecentItem>
  <RecentItem>
    <URI>file:///projects/meomari-api/meomari-api/appsettings.Development.json</URI>
    <Mime-Type>text/x-json</Mime-Type>
    <Timestamp>1552897515</Timestamp>
    <Private>appsettings.Development.json [meomari-api]</Private>
    <Groups>
      <Group>MonoDevelop Files</Group>
    </Groups>
  </RecentItem>
  <RecentItem>
    <URI>file:///projects/meomari-api/meomari-api/appsettings.json</URI>
    <Mime-Type>text/x-json</Mime-Type>
    <Timestamp>1552897512</Timestamp>
    <Private>appsettings.json [meomari-api]</Private>
    <Groups>
      <Group>MonoDevelop Files</Group>
    </Groups>
  </RecentItem>
  <RecentItem>
    <URI>file:///projects/meomari-api/meomari-api/Program.cs</URI>
    <Mime-Type>text/x-csharp</Mime-Type>
    <Timestamp>1552897497</Timestamp>
    <Private>Program.cs [meomari-api]</Private>
    <Groups>
      <Group>MonoDevelop Files</Group>
    </Groups>
  </RecentItem>
</RecentFiles>